{"cameraMode":{"drawMode":0,"name":"Shaded","section":"Shading Mode"},"sceneLighting":true,"audioPlay":false,"sceneViewState":{"showFog":true,"showMaterialUpdate":true,"showSkybox":false,"showFlares":true,"showImageEffects":true,"showParticleSystems":true},"in2DMode":false,"pivot":{"x":2.5397138595581056,"y":14.12370491027832,"z":-12.864117622375489},"rotation":{"x":0.47399765253067019,"y":0.028473693877458574,"z":-0.015380458906292916,"w":0.8799512386322022},"size":1.2374353408813477,"orthographic":false}