{"cameraMode":{"drawMode":0,"name":"Shaded","section":"Shading Mode"},"sceneLighting":true,"audioPlay":false,"sceneViewState":{"showFog":true,"showMaterialUpdate":true,"showSkybox":false,"showFlares":true,"showImageEffects":true,"showParticleSystems":true},"in2DMode":false,"pivot":{"x":-1.302272915840149,"y":0.581236720085144,"z":-9.398445129394532},"rotation":{"x":0.07397190481424332,"y":0.23523743450641633,"z":-0.01798490434885025,"w":0.9689639210700989},"size":3.2625644207000734,"orthographic":false}