{"cameraMode":{"drawMode":0,"name":"Shaded","section":"Shading Mode"},"sceneLighting":true,"audioPlay":false,"sceneViewState":{"showFog":true,"showMaterialUpdate":true,"showSkybox":false,"showFlares":true,"showImageEffects":true,"showParticleSystems":true},"in2DMode":false,"pivot":{"x":-2.818225383758545,"y":-2.497653007507324,"z":0.1627957820892334},"rotation":{"x":-0.26623600721359255,"y":0.7122332453727722,"z":-0.3443201780319214,"w":-0.5507156848907471},"size":10.300000190734864,"orthographic":false}